begin	msa_original	l_effective	n_effective	repeat_region_length	divergence	pvalue
3735	Q,Q,Q,Q,Q,Q,Q,Q,Q,Q,Q	1	11.0	11	1e-10	0.0
3599	Q,Q,Q,Q,Q,Q,Q,Q,Q,Q,Q,Q,Q,Q	1	14.0	14	1e-10	0.0
3274	Q,Q,Q,Q,Q,Q,Q,Q,Q	1	9.0	9	1e-10	0.0
3988	Q,Q,Q,Q,Q,Q,Q	1	7.0	7	1e-10	0.0
3856	Q,Q,Q,Q,Q,Q,Q,Q,H,Q,Q,Q	1	12.0	12	0.06756591805523685	0.0
3754	Q,Q,Q,Q,Q,Q	1	6.0	6	1e-10	0.0
3679	Q,Q,Q,Q,Q,Q	1	6.0	6	1e-10	0.0
2811	Q,Q,Q,Q,Q,Q	1	6.0	6	1e-10	0.0
4079	QP,QP,QP,QP	2	4.0	8	1e-10	0.0
2680	QR,QR,QR	2	3.0	6	1e-10	0.0
1321	GR,GR,GR	2	3.0	6	1e-10	0.0
